"package","resource_count","versions","realms"
"us.nlm.vsac",7877,"R4","us"
"hl7.terminology",4351,"R5","uv"
"us.cdc.phinvads",1967,"R4","us"
"fhir.dicom",1411,"R4","us"
"hl7.fhir.uv.xver",1272,"R5","uv"
"hl7.fhir.uv.xver-r5.r4b",1190,"R4B","uv"
"smart.who.int.anc",1073,"R4","uv"
"dk.kip.rkkp.fhir.ig.core",994,"R4",""
"nhsd.assets.stu3",905,"R3",""
"fdpg.query_profiles",836,"R4",""
"hl7.fhir.uv.extensions",823,"R5","uv"
"hl7.fhir.uv.xver-r2.r4b",701,"R4B","uv"
"eng.fhir.profile.dev",642,"R4",""
"hl7.fhir.uv.xver-r3.r4b",640,"R4B","uv"
"MyHIE.v4-test",609,"R4",""
"dk.ehealth.sundhed.fhir.ig.core",551,"R4","dk"
"rki.demis.laboratory.strict",550,"R4","de"
"nictiz.fhir.nl.r4.zib2020",545,"R4","nl"
"ans.fr.terminologies",544,"R4","fr"
"smart.who.int.hiv",517,"R4",""
"kbv.mio.u-heft",504,"R4",""
"ans.fr.nos",503,"R4","fr"
"hl7.fhir.uv.xver-r4b.r5",503,"R5","uv"
"hl7.fhir.uv.xver-r4.r5",457,"R5","uv"
"healthdata.be.r4.cbb",428,"R4",""
"IdHIE.0v",415,"R4",""
"hl7.fhir.us.breastcancer",408,"R3","us"
"nictiz.fhir.nl.stu3.geboortezorg",384,"R3","nl"
"smart.who.int.immunizations",382,"R4",""
"rki.demis.disease",376,"R4",""
"fhir.r4.ukcore.stu3.currentbuild",370,"R4","us"
"hl7.ehrs.uv.ehrsfmr2",361,"R5","uv"
"silth.fhir.terminology.core",347,"R5",""
"kbv.all.st-combined",346,"R4",""
"nictiz.fhir.nl.stu3.zib2017",341,"R3","nl"
"signal.core.r4",327,"R4","us, "
"tw.gov.mohw.twcore",322,"R4","tw"
"uk.nhsdigital.r4.test",302,"R4",""
"hl7.fhir.uv.xver-r3.r5",283,"R5","uv"
"au.digitalhealth.cda.schema",280,"R5","au"
"ca.on.health.idms",279,"R5",""
"kbv.ita.aws",272,"R4",""
"hl7.fhir.uv.v2mappings",267,"R4","uv"
"hl7.ehrs.uv.phrsfmr2",259,"R5",""
"hl7.fhir.us.covid19library",248,"R4","us"
"hl7.fhir.uv.cpg",248,"R4","uv"
"rl.fhir.r4",245,"R4",""
"Package.JSON",242,"R3",""
"ca.on.oh.corhealth",242,"R4","ca, "
"de.gematik.isik",238,"R4","de"
"il.core.fhir.r4",231,"R4",", il"
"nictiz.fhir.nl.stu3.zib2015",231,"R3","nl"
"hl7.cda.us.ccda",228,"R5","us"
"ch.fhir.ig.ch-crl",226,"R4","ch"
"hl7.eu.fhir.idea4rc",226,"R4","eu"
"nexuzhealth.fhir.r4",222,"R4",""
"kbv.mio.ueberleitungsbogen",221,"R4",""
"hl7.cda.us.ccdar2dot2",216,"R4","us"
"hl7.fhir.us.core",211,"R4","us"
"hl7.fhir.us.directory-attestation",196,"R4","us"
"kbv.mio.mutterpass",195,"R4",""
"openehr.base",194,"R5","uv"
"poc.bonsai.current",188,"R4",""
"de.medizininformatikinitiative.kerndatensatz.onkologie",184,"R4","de"
"tw.gov.mohw.emr",182,"R4","tw"
"hl7.fhir.eu.imaging-manifest-r5",181,"R5","eu"
"hl7.fhir.us.ndh",181,"R4","us"
"hl7.fhir.uv.xver-r2.r5",181,"R5","uv"
"br.go.ses.core",174,"R4","br"
"jp-core.r4",174,"R4","jp"
"hl7.fhir.us.mcode",171,"R4","us"
"hl7.fhir.uv.sdc",171,"R4","uv"
"de.basisprofil.r4",168,"R4",""
"hl7.fhir.us.directory-query",168,"R4","us"
"nictiz.fhir.nl.r4.nl-core",166,"R4","nl"
"phis.ig.createtest",161,"R4",""
"ehealth4u.package",160,"R4",""
"hl7.fhir.eu.imaging-r5",160,"R5","eu"
"who.ddcc",156,"R4","uv"
"hl7.fhir.uv.pharm-quality",155,"R5","uv"
"de.nfdi4health.mds",148,"R4",""
"hl7.fhir.au.base",148,"R4","au"
"hl7.fhir.us.bfdr",144,"R4","us"
"hl7.eu.fhir.pcsp",143,"R4","eu"
"hl7.fhir.uv.ebm",142,"R6","uv"
"ch.fhir.ig.ch-term",141,"R4","ch"
"de.dktk.oncology",141,"R4",""
"de.gecco",140,"R4",""
"hl7.fhir.uv.crmi",139,"R4","uv"
"de.gematik.dev.epa.medication",138,"R4",""
"hl7.fhir.uv.vhdir",138,"R4","uv"
"ch.fhir.ig.ch-elm",137,"R4","ch"
"hl7.fhir.sami.core",137,"R4","sami"
"nr.gp.leumit",135,"R4",", il"
"NHSDigital.FHIR.STU3",134,"R3",""
"hl7.fhir.uv.xver-r5.r4",132,"R4","uv"
"uz.dhp.core",132,"R5",""
"dk.sundhedsdatastyrelsen.gm",130,"R4","dk"
"uk.adsv2.r4",126,"R4",""
"tewhatuora.hip-core",125,"R4",""
"ch.fhir.ig.ch-ems",123,"R4","ch"
"hl7.fhir.uv.tx-ecosystem",123,"R5","uv"
"fhir.org.nz.ig.base",122,"R4","us"
"hl7.fhir.us.davinci-pct",122,"R4","us"
"hl7.fhir.us.ecr",122,"R4","us"
"hl7.fhir.fr.core",120,"R4","fr"
"kbv.mio.tele",120,"R4",""
"smart.who.int.dak-bds",120,"R4",""
"de.medizininformatikinitiative.kerndatensatz.icu",119,"R4",""
"jp-core.draft1",119,"R4","jp"
"ch.fhir.ig.ch-epr-fhir",117,"R4","ch"
"dhp",117,"R5",""
"hl7.fhir.us.davinci-pdex-plan-net",117,"R4","us"
"de.gevko.eahb",116,"R4",""
"de.medizininformatikinitiative.kerndatensatz.meta",116,"R4",""
"hl7.fhir.stt",116,"R4","stt"
"ca.on.ehr.r4",115,"R4","ca, "
"ca.on.health.sadie",115,"R4",""
"hl7.fhir.uv.saner",115,"R4","uv"
"fhir.virtually.healthcare",114,"R4","us"
"ihe.pcc.mpsc",113,"R4","uv"
"fhir.r4.nhsengland.programme",111,"R4","us"
"basisprofil.tiplu.de.r4.dev",110,"R4",""
"de.medizininformatikinitiative.kerndatensatz.mtb",110,"R4","de"
"de.uk-koeln.nngm.form",110,"R4",""
"hl7.fhir.uv.ichom-breast-cancer",110,"R4","uv"
"silfhirprofileig",110,"R5",""
"cezih.hr.cezih-osnova",109,"R4",", uv"
"ru.fhir.semd",109,"R5",""
"PHCDI",108,"R4",""
"hl7.eu.fhir.unicom",108,"R5","eu"
"hl7.fhir.us.cdmh",107,"R4","us"
"hl7.fhir.us.vrdr",107,"R4","us"
"hl7.fhir.vn.core",107,"R4","vn"
"ths-greifswald.ttp-fhir-gw",107,"R4",""
"hl7.fhir.uv.tools",106,"R5","uv"
"kbv.basis.terminology",106,"R4",""
"implementation.guide.nhdr",105,"R4",""
"nhs.fhir.lv.vvis",105,"R4B",""
"ca.on.oh.erec",104,"R4","ca, "
"de.medizininformatikinitiative.use-case.omi",104,"R4","de"
"hl7.fhir.us.pacio-adi",104,"R4","us"
"hl7.fhir.us.davinci-pas",103,"R4","us"
"nictiz.fhir.nl.r4.medicationprocess9",103,"R4","nl"
"tw.gov.mohw.nhi.pas",103,"R4","tw"
"ans.fhir.fr.ror",102,"R4","fr"
"gdrl.fhir.r4",102,"R4",""
"hl7-france-fhir.administrative",102,"R4",""
"hl7.fhir.it.lab-report",102,"R4","it"
"ForgePatientChart.0830",101,"R4",""
"de.netzwerk-universitaetsmedizin.ebm-cpg",101,"R5","uv, "
"hl7.fhir.us.lower-extremity-skin-wound-assessment",100,"R4","us"
"ca.on.oh-seris",99,"R4","ca, "
"ca.on.phsd.r4-alpha",99,"R4",""
"fmcna.caredata.fhir.ig.r4",99,"R4",""
"hl7.fhir.cl.minsal.eis",99,"R4","cl"
"incisive.fhir",99,"R4",""
"Test.Training",98,"R3",""
"hl7.fhir.eu.hdr",98,"R4","eu"
"sfm.130323",98,"R4",""
"silth.fhir.th.extensions",98,"R5",""
"basisprofil.de",97,"R3",""
"hl7.fhir.uv.genomics-reporting",97,"R4","uv"
"nw-gmsa.github.io",97,"R4","uk"
"hl7.fhir.us.registry-protocols",96,"R4","us"
"hl7.fhir.uv.ips",96,"R4","uv"
"hl7.cda.uv.ips",95,"R4","uv"
"hl7.fhir.us.ph-library",95,"R4","us"
"ca.on.ppr.r4",94,"R4",""
"fhir.outburn.co.il",94,"R4","us"
"hl7.fhir.us.spl",94,"R5","us"
"ihe-de.iti.xds-vs",94,"R4","de"
"ndhm.in",94,"R4","in"
"hl7.fhir.us.carin-bb",93,"R4","us"
"BRCore-01.00.00",92,"R4",""
"hl7.fhir.us.pq-cmc-fda",92,"R5","us"
"hl7.v2plus",92,"R5",""
"hl7.fhir.us.vr-common-library",90,"R4","us"
"hl7.fhir.uv.pddi",90,"R4","uv"
"ihe.pcc.maps",89,"R4","uv"
"de.medizininformatikinitiative.kerndatensatz.bildgebung",88,"R4","de"
"ehelse.fhir.no.grunndata.test",88,"R4",""
"ca.on.oh.mha.pds",87,"R4","ca, "
"fhir.cdc.opioid-cds-r4",87,"R4","us"
"hl7.fhir.cl.minsal.nid",87,"R4","cl"
"csiro.fhir.au.smartforms",86,"R4","au"
"fhir.nigeriaImmunization",86,"R4","us"
"kl.dk.fhir.core",86,"R4","dk"
"portuguese.core.guide",86,"R4B",""
"dk.fhir.ig.kl.common.caresocial",85,"R4",""
"hl7.fhir.us.breast-radiology",85,"R4","us"
"hl7.fhir.uv.cqm",84,"R4","uv"
"ca.infoway.io.core",83,"R4","ca"
"fhir.r4.wales.test",83,"R4","us"
"hl7.fhir.pl.ssidl",83,"R5","pl"
"hl7.fhir.us.davinci-pdex",83,"R4","us"
"ch.fhir.ig.ch-epl",82,"R5","ch"
"de.gevko.emdaf",82,"R4",""
"hl7.fhir.cz.hdr",82,"R4","cz"
"ihe.qrph.bfdr",82,"R4","uv"
"hl7.fhir.us.directory-exchange",81,"R4","us"
"rapportendoscopiequebec.test",81,"R4",", us"
"hl7.fhir.cz.img",80,"R4","cz"
"myhealth.eu.fhir.laboratory",80,"R4","eu"
"de.gematik.fhir.directory",79,"R4",""
"hl7.fhir.it.terminology",79,"R4","it"
"ca.on.oh.mha-pds",78,"R4","ca, "
"hl7.fhir.us.qicore",78,"R4","us"
"de.gematik.dipag",77,"R4","de"
"fhir.ca-bc.provider",77,"R4","us"
"hl7.fhir.cl.clcore",77,"R4","cl"
"uk.nhsengland.genomics.r4",77,"R4",""
"de.gematik.erg",76,"R4","de"
"ihe.qrph.ccg",76,"R4","uv"
"package.teste",76,"R4B",""
"colonoscopyreport.no",75,"R4",""
"hl7.fhir.us.ccda",75,"R4","us"
"hl7.fhir.us.davinci-crd",75,"R4","us"
"ch.fhir.ig.ch-core",74,"R4","ch"
"hl7.fhir.us.cqfmeasures",74,"R4","us"
"ihe.iti.dsubm",74,"R4","uv"
"kbv.mio.diga",74,"R4",""
"ng.gov.nphcda.immunization",74,"R4",""
"tw.cohesion.fhir.clinemr",74,"R4","tw"
"cce.fhir.minimal",73,"R4",""
"hl7.fhir.be.terminology",73,"R4","be"
"hl7.fhir.us.medmorph",72,"R4","us"
"hl7.fhir.uv.xver-r4.r4b",72,"R4B","uv"
"ca.on.dhdr.r4.v4",71,"R4","us, "
"de.emperra.esysta",71,"R4",""
"fhir.bfarm.de",70,"R4","us"
"kl.dk.fhir.ffinst",69,"R4","dk"
"vital-records-fhir-messaging",69,"R4",""
"br.gov.saude.ccu",68,"R4","br"
"br.ufg.cgis.rnds-lite",68,"R4",""
"hl7.fhir.uv.order-catalog",68,"R5","uv"
"ig-ee-medication-scheme",68,"R5","ee"
"kbv.mio.patientenkurzakte",68,"R4",""
"eu.miabis.r4",67,"R4",""
"de.basisprofil.onkologie",66,"R4",""
"ehealthplatform.be.r4.federalprofiles",66,"R4",""
"hl7.fhir.cz.img-order",66,"R4","cz"
"ihe.qrph.qore",66,"R4","uv"
"kbv.mio.kh-entlassbrief",66,"R4",""
"RapportEndoscopieQuebec.test",65,"R4",""
"ans.fhir.fr.annuaire",65,"R4","fr"
"hl7.fhir.dk.core",65,"R4","dk"
"ihe.iti.mhd",65,"R4","uv"
"kbv.mio.impfpass",65,"R4",""
"kl.dk.fhir.children",64,"R4","dk"
"nhn.fhir.no.kjernejournal",64,"R4",""
"nictiz.fhir.nl.stu3.iwlz",64,"R3","nl"
"de.thieme-compliance.anamnese",63,"R4",""
"hl7.fhir.cl.minsal.r2bo",63,"R4","cl"
"kl.dk.fhir.term",63,"R4","dk"
"ru.core",63,"R5",""
"botswana.hie.fhir",62,"R5",""
"ch.fhir.ig.ch-lab-order",62,"R4","ch"
"de.gevko.dev.tetvz",62,"R4",""
"fi.kela.kanta.pta.ajanvaraus.r4",62,"R4",""
"hl7.fhir.cl.corecl",62,"R4","cl"
"hl7.fhir.eu.laboratory",62,"R4","eu"
"ihe.pcc.aps",62,"R4","uv"
"hl7.fhir.us.davinci-drug-formulary",61,"R4","us"
"KBV.Basis",60,"R4",""
"bloodpressure",60,"R4",""
"dguv.enla",60,"R4",""
"de.gevko.evo.khb",59,"R4",""
"hl7.fhir.uv.phenomics-exchange",59,"R4","uv"
"fhir.giis",58,"R4","us"
"hl7.fhir.us.icsr-ae-reporting",58,"R4","us"
"hsos.eWundbericht",58,"R4",""
"rki.demis.ars",58,"R4",", de"
"hl7.fhir.cz.core",57,"R4","cz"
"hl7.fhir.us.cdc-opioid-cpg",57,"R4","us"
"hl7.fhir.us.vitals",57,"R4","us"
"sappatientmanagement.sap_ish_r4_gen",57,"R4",""
"smart4health.eu.core",57,"R4",""
"de.gematik.erezept-workflow.r4",56,"R4",""
"fhir.trustedhealthapps.org",56,"R4","us"
"niceprofiling.v23q1",56,"R3",""
"hl7.fhir.us.codex-radiation-therapy",55,"R4","us"
"hl7.fhir.us.davinci-deqm",55,"R4","us"
"smart.who.int.trust",55,"R5","uv"
"ch.fhir.ig.ch-emed-epr",54,"R4","ch"
"dk.ehmi.terminology",54,"R4","dk"
"gov.healthit.ecqi.ecqms",54,"R4",""
"smart.who.int.trust-phw",54,"R4","uv"
"Kontaktregister.Profiles",53,"R4",""
"Modelisationdesstructuresetdesprofessionnels.sept2021",53,"R4",""
"hl7.fhir.ca.baseline",53,"R4","ca"
"hl7.fhir.uv.xver-r2.r4",53,"R4","uv"
"laniado.test.fhir.r4",53,"R4",""
"nictiz.fhir.nl.r4.cio",53,"R4","nl"
"ca.infoway.io.psca",52,"R4","ca"
"ch.fhir.ig.ch-orf",52,"R4","ch"
"rki.demis.common",52,"R4","de"
"tw.cathay.fhir.imri",52,"R4","tw"
"tw.gov.mohw.cdc.twidir",52,"R4","tw"
"ca.clicsante.base",51,"R4",""
"kbv.ita.vos",51,"R4",""
"ca.on.oh-olis",50,"R4",""
"hsg.asg-well",50,"R4B",""
"myhie.v4",50,"R4",""
"de.abda.eRezeptAbgabedaten",49,"R4",""
"de.bbmri.fhir",49,"R4",""
"ee.hl7.fhir.base.r5",49,"R5","ee"
"hl7.fhir.us.sdoh-clinicalcare",49,"R4","us"
"hl7.org.nz.fhir.ig.formulary",49,"R4B","nz"
"fhir.hrsa.uds-plus",48,"R4","us"
"hl7.fhir.fi.base",48,"R4","fi"
"hl7.fhir.us.davinci-dtr",48,"R4","us"
"ihe.iti.mcsd",48,"R4","uv"
"smart.who.int.base",48,"R4",""
"br.go.ses.medicamentos",47,"R4","br"
"hitstdio.tw.fhir.dcc",47,"R4",""
"hl7.fhir.us.vdor",47,"R4","us"
"hl7.fhir.uv.cmi",47,"R4","uv"
"pharmacyeclaim.two",47,"R4",""
"de.medizininformatikinitiative.kerndatensatz.mikrobiologie",46,"R4","de"
"hl7.fhir.nl.zorgviewer",46,"R3","nl"
"hl7.fhir.uv.lab-report",46,"R4","uv"
"idmp.who-umc.org.fhir",46,"R5","uv"
"kanta.sosiaalihuolto.r4",46,"R4",""
"medcom.fhir.dk.terminology",46,"R4","dk"
"tw.gov.mohw.nhi.ci",46,"R4","tw"
"Hl7PlBaseIg",45,"R5",""
"accdr.fhir.ig.pkg",45,"R4",", ca"
"ca.infoway.io.erec",45,"R4",""
"fhir.ca-bc.client",45,"R4","us"
"hl7.fhir.cr.core",45,"R5","cr"
"hl7.fhir.cz.lab",45,"R4","cz"
"hl7.fhir.uv.xver-r4b.r4",45,"R4","uv"
"ihe.mhd.fhir",45,"R4","uv"
"kvdigital.terminsynchronisation-tvs",45,"R4",""
"rki.emiga.vzd",45,"R4",""
"supportedhospitaldischarge.stu3",45,"R3",""
"swiss.mednet.fhir",45,"R4","ch"
"test.no.basis",45,"R4","no, "
"ans.fhir.fr.eclaire",44,"R4","fr"
"hl7.fhir.ee.mpi",44,"R5","ee"
"hl7.fhir.us.physical-activity",44,"R4","us"
"KBV.ITA.VOS",43,"R3",""
"ca-on-covax.v1",43,"R4",""
"ca.on.mi.pkg",43,"R4","ca"
"ch.fhir.ig.ch-emed",43,"R4","ch"
"ch.fhir.ig.swissnoso",43,"R4","ch"
"hl7.fhir.be.mycarenet",43,"R4","be"
"ihe.rad.idr",43,"R5","uv"
"ch.fhir.ig.ch-lab-report",42,"R4","ch"
"ee.fhir.terminology",42,"R5","ee"
"example.fhir.ph.core",42,"R4",""
"fhir.ops-esavi",42,"R4","us"
"hl7.fhir.us.pacio-pfe",42,"R4","us"
"hl7.fhir.uv.phd",42,"R4","uv"
"kbv.mio.laborbefund",42,"R4",""
"ma.ambulanter.fall",42,"R4",""
"HIE2.packages",41,"R4","uv, "
"hl7.at.fhir.elga.aps.r4",41,"R4",""
"hl7.fhir.be.pss",41,"R4","be"
"hl7.fhir.us.davinci-ra",41,"R4","us"
"hl7.fhir.us.davinci-vbpr",41,"R4","us"
"ihe.iti.fais",41,"R4","uv"
"il.hdp.fhir.r4",41,"R4",""
"kbv.mio.emp",41,"R4",""
"kvdigital.terminschnittstelle-fuer-dritte",41,"R4",""
"StandardPatientHealthRecordIG",40,"R4",""
"de.gematik.terminology",40,"R4","de"
"hl7.at.fhir.gkl.ig-tooling",40,"R4",""
"hl7.fhir.eu.eps",40,"R4","eu"
"hl7.fhir.us.hsds",40,"R4","us"
"hl7.fhir.us.mdi",40,"R4","us"
"hl7.fhir.uv.cmhaffr2",40,"R5","uv"
"hl7.fhir.uv.pocd",40,"R4","uv"
"ihe.pharm.mpd",40,"R5","uv"
"tigacorehub.patient",40,"R4",""
"ch.fhir.ig.ch-epr-mhealth",39,"R4","ch"
"ch.fhir.ig.ch-rad-order",39,"R4","ch"
"hl7.fhir.be.medication",39,"R4","be"
"kbv.ita.erp",39,"R4",""
"kl.dk.fhir.ffbmessaging",39,"R4","dk"
"tw.cathay.fhir.iclaim",39,"R4","tw"
"e44.evo13",38,"R4",""
"fhir.kenyaPSIG",38,"R4","us"
"hl7.fhir.cz.lab-order",38,"R4","cz"
"ihe.iti.balp",38,"R4","uv"
"logex.internal.fhir.profiles",38,"R3",""
"ndhm.in.mirror",38,"R4","in"
"phis.ig.dev",38,"R4",""
"SUPPORT.R4",37,"R4",""
"ans.fhir.fr.sas",37,"R4","fr"
"caseworks.mhaie002",37,"R4",""
"de.gkvsv.evp",37,"R4",""
"hl7.eu.fhir.gh",37,"R5","eu"
"hl7.fhir.us.specialty-rx",37,"R4","us"
"uk.nhsdigital.bars.r4",37,"R4",""
"ch.fhir.ig.ch-epreg",36,"R4","ch"
"de.gematik.erp-servicerequest",36,"R4",""
"hl7.fhir.au.ereq",36,"R4","au"
"ch.fhir.ig.ch-vacd",35,"R4","ch"
"de.medizininformatikinitiative.kerndatensatz.studie",35,"R4","de"
"hl7.fhir.uv.emedicinal-product-info",35,"R5","uv"
"hl7.fhir.uv.omop",35,"R5","uv"
"smart.who.int.icvp",35,"R4",""
"snomed-ig",35,"R4",""
"ch.fhir.ig.ch-etoc",34,"R4","ch"
"de.einwilligungsmanagement",34,"R4",""
"fhir.argonaut.questionnaire",34,"R3","us"
"hl7.fhir.be.core-clinical",34,"R4","be"
"ihe.iti.basicaudit",34,"R4","uv"
"rki.emiga.common",34,"R4",""
"de.gkvsv.erezeptabrechnungsdaten",33,"R4",""
"de.medizininformatikinitiative.kerndatensatz.molgen",33,"R4","de"
"hl7.fhir.au.core",33,"R4","au"
"kbv.basis.ressources.only",33,"R4",""
"rki.demis.igs",33,"R4",", de"
"ca.ab.fhir.psab",32,"R4","ca"
"ch.mediplan.chmed16af",32,"R4",""
"fhir.deep6.ai",32,"R4","us"
"fi.digious.kanta.test",32,"R4",""
"hl7.fhir.be.core",32,"R4","be"
"hl7.fhir.us.davinci-atr",32,"R4","us"
"hl7.fhir.us.pdmp",32,"R4","us"
"fhir.ieb.core",31,"R4","us"
"hl7.fhir.cl.clips",31,"R4","cl"
"hl7.fhir.us.pco",31,"R4","us"
"hl7.fhir.uv.dicom-sr",31,"R5","uv"
"tiplu.maia.schnittstellendefinition",31,"R4",""
"tw.gov.mohw.nhi.ngs",31,"R4","tw"
"DGUV.Basis",30,"R4",""
"ema.qrdvalidation",30,"R5",""
"fhir.argonaut.scheduling",30,"R3","us"
"hl7.fhir.nz.cca",30,"R4","nz"
"hl7.fhir.us.davinci-hrex",30,"R4","us"
"hl7.fhir.uv.eyecare",30,"R4","uv"
"hl7.fhir.uv.termchangeset",30,"R4","uv"
"hl7.fhir.uv.xver-r3.r4",30,"R4","uv"
"Vital.MedikationsplanPlus",29,"R4",""
"ca.bc.bcy-ids",29,"R4",""
"ca.infoway.vc.ps",29,"R4","ca"
"dguv.basis",29,"R4",""
"ehelse.fhir.no.grunndata",29,"R4",""
"hl7.fhir.in",29,"R4","in"
"hl7.fhir.us.carin-rtpbc",29,"R4","us"
"hl7.fhir.us.vitalsigns",29,"R4","us"
"kr.mohw.myhealthway",29,"R4",""
"navify.fhir.r5.rdc",29,"R5",""
"Capable.repository",28,"R4",""
"agha.fhir.genclipr",28,"R4",""
"cisis.cds",28,"R4",""
"de.medizininformatikinitiative.kerndatensatz.patho",28,"R4","de"
"ee.fhir.mpi",28,"R5","ee"
"hl7.fhir.us.Davinci-drug-formulary",28,"R4","us"
"hl7.fhir.us.cardx-htn",28,"R4","us"
"hl7.fhir.uv.subscriptions-backport",28,"R4B","uv"
"ca.ab.fhir.aberec1",27,"R4","ca"
"ca.healthpei.io.core",27,"R4",", ca"
"ch.chmed20af.emediplan",27,"R4",""
"hl7.eu.fhir.oah",27,"R4","eu"
"hl7.fhir.us.illTraveler",27,"R4","us"
"hl7.fhir.us.mcc",27,"R4","us"
"ihe.iti.vhl",27,"R4","uv"
"surescripts.specialty",27,"R4",""
"tiga.health.clinical",27,"R4","us, "
"Eu.Dedalus.D4Solutions.COVID-19",26,"R3",""
"ca.on.oh-dhdr",26,"R4","ca, "
"ee.hl7.fhir.base.r4",26,"R4",""
"fhir.r4.nhsengland.stu1",26,"R4","us"
"fhir.tx.support.r4",26,"R4","us"
"hl7.fhir.cl.recetachile",26,"R4","cl"
"hl7.fhir.us.birthdefectreporting",26,"R4","us"
"hl7.fhir.us.eltss",26,"R4","us"
"hl7.fhir.us.insurance-card",26,"R4","us"
"kl.dk.fhir.gateway",26,"R4","dk"
"smart.who.int.base-clinical",26,"R4","uv"
"smart.who.int.ips-pilgrimage",26,"R4",""
"PCR.R4.1-1-0-pkg",25,"R4","ca, "
"ca.on.oh.patient-summary",25,"R4","ca, "
"careplanrt.eng",25,"R4",""
"ch.fhir.ig.ch-epr-term",25,"R4","ch"
"de.gematik.erezept.eu",25,"R4",""
"de.gematik.isik-basismodul",25,"R4","de"
"fhir.r4.wales.psom",25,"R4","us"
"hl7.fhir.us.davinci-cdex",25,"R4","us"
"hl7.fhir.uv.cql",25,"R4","uv"
"hl7.fhir.uv.imaging-service-request-ig",25,"R6","uv"
"koppeltaalv2.00",25,"R4",", nl"
"hl7.cda.us.eyecare",24,"R5","us"
"hl7.fhir.be.nihdi-terminology",24,"R4","be"
"hl7.fhir.fi.scheduling",24,"R4","fi"
"hl7.fhir.us.cimilabs",24,"R4","us"
"hl7.fhir.uv.vulcan-rwd",24,"R4","uv"
"sk.pnc.r4",24,"R4",""
"socialcaredataservice.stu3",24,"R3",""
"vzvz.fhir.aof",24,"R4B","nl"
"ca.infoway.io.cafex",23,"R4","ca"
"de.medizininformatikinitiative.kerndatensatz.biobank",23,"R4",""
"egde.health.gateway",23,"R4",""
"hl7.fhir.cl.agenda",23,"R4","cl"
"hl7.fhir.eu.base-r5",23,"R5","eu"
"hl7.fhir.us.consent-management",23,"R4","us"
"hl7.fhir.uv.ae-research-backport-ig",23,"R4","uv"
"hl7.fhir.uv.fhircast",23,"R4","uv"
"kbv.ita.eau",23,"R4",""
"kl.dk.fhir.rehab",23,"R4","dk"
"myhealthway.main.r4",23,"R4",""
"rdc.interoperability.guide",23,"R5",""
"at.unofficial.au.base",22,"R4","au, "
"ca.infoway.io.ca-csd",22,"R4",""
"careconnect.stu3.03.00.00",22,"R3",""
"dk.ehmi.eer",22,"R4","dk"
"eReferralOntarioNew.core",22,"R4",""
"fhir.dgmc",22,"R4","us"
"fhir.r4.wales.discovery",22,"R4","us"
"hl7.fhir.eu.base",22,"R4","eu"
"hl7.fhir.us.bser",22,"R4","us"
"hl7.fhir.uv.molecular-definition-data-types",22,"R6","uv"
"hl7.fhir.uv.shc-vaccination",22,"R4","uv"
"hl7se.fhir.base",22,"R4","se"
"ihe-fhir-pharm-medicationrecord",22,"R5","uv"
"ihe.iti.svcm",22,"R4","uv"
"vcds-ig.euvabeco.net",22,"R5",""
"OntarioacCDRFHIRImplementationGuide-0.10.00",21,"R4","ca, "
"ca.on.oh-cms",21,"R4",""
"cce.fhir",21,"R4",""
"ch.fhir.ig.cda-fhir-maps",21,"R4","ch"
"de.diga.caracare",21,"R4",""
"fhir.facade.cnes.organization",21,"R4","us"
"fhir.mamaToto",21,"R4","us"
"hl7.fhir.uv.extensions.r4b",21,"R4B","uv"
"ihe.iti.pmir",21,"R4","uv"
"rki.emiga.case",21,"R4",""
"rki.emiga.outbreak",21,"R4",""
"star.rhecord.beta",21,"R4",""
"ans.cisis.fhir.r4",20,"R4",""
"ans.fhir.fr.pdsm",20,"R4","fr"
"de.aqua.ebi",20,"R4",""
"ee.fhir.base",20,"R5","ee"
"hl7.fhir.au.ps",20,"R4","au"
"hl7.fhir.uv.cgm",20,"R4","uv"
"hl7.fhir.uv.pharmaceutical-research-protocol",20,"R6","uv"
"hl7.fhir.uv.recon-ig",20,"R5","uv"
"ihe.iti.npfs",20,"R4","uv"
"ihe.pharm.supply",20,"R5","uv"
"iteyes.myhw.core",20,"R4",""
"kl.dk.fhir.prevention",20,"R4","dk"
"silth.fhir.th.mophpc1",20,"R5",""
"ans.fhir.fr.mesures",19,"R4","fr"
"com.alextherapeutics.fhir.nicotine",19,"R4",""
"d4l-data4life.covid-19.r4",19,"R4",""
"de.gematik.elektronische-versicherungsbescheinigung",19,"R4",""
"eu.ehds.models",19,"R5",""
"hl7.fhir.dk.kl.gateway.care",19,"R4","dk"
"hl7.fhir.us.cancer-reporting",19,"R4","us"
"hl7.fhir.us.daf",19,"R3","us"
"hl7.fhir.us.resp-net",19,"R4","us"
"ihe.iti.scheduling",19,"R4","uv"
"ihe.pharm.meow",19,"R5","uv"
"medcom.fhir.dk.xdsdocuments",19,"R4","dk"
"uk.gm",19,"R4",""
"vzvz.fhir.mitz",19,"R4B","nl"
"ans.cisis.nde.fhir.r4",18,"R4",""
"ans.fhir.fr.cds",18,"R4","fr"
"ans.fhir.fr.gap",18,"R4","fr"
"de.gematik.epa",18,"R4","de"
"de.gematik.erp.t-prescription",18,"R4",""
"demis.fhir.profiles",18,"R4",""
"hl7.fhir.us.davinci-alerts",18,"R4","us"
"hl7.fhir.us.dme-orders",18,"R4","us"
"hl7.fhir.uv.fhir-for-fair",18,"R4B","uv"
"hl7.fhir.uv.ipa",18,"R4","uv"
"hl7.fhir.uv.livd",18,"R4","uv"
"hl7.fhir.uv.radiation-dose-summary",18,"R4","uv"
"hla.antibody.report",18,"R4",""
"ihe.pharm.mpd.r4",18,"R4","uv"
"ihe.rad.imr",18,"R4","uv"
"medcom.fhir.dk.core",18,"R4","dk"
"medmij.dental.care.r4",18,"R4",""
"silth.fhir.th.claimcon",18,"R4B",""
"tsti.adultcheck",18,"R4",""
"CDI-test",17,"R4",""
"ans.cnsa.fhir",17,"R4",""
"caseworks.mhaie",17,"R4",""
"cens.fhir.ssas-cdr",17,"R4",""
"de.fhir.medication",17,"R4",""
"de.nichtraucherhelden.export",17,"R4",""
"healthhub.fhir",17,"R4","dk, "
"hl7.ehrs.uv.base",17,"R5",""
"hl7.eu.fhir.xt-ehr.metadata",17,"R5","eu"
"hl7.fhir.us.davinci-pr",17,"R4","us"
"hl7.fhir.uv.extensions.r3",17,"R3","uv"
"ihe.domain.logical-datatypes",17,"R5","uv"
"kbv.mio.ddtk",17,"R4","de, "
"kl.dk.fhir.ffbreporting",17,"R4","dk"
"medcom.fhir.dk.conditionlisttestscripts",17,"R4","dk"
"medcom.fhir.dk.xdsmetadata",17,"R4","dk"
"nictiz.fhir.nl.stu3.zib2020-preadopt",17,"R3","nl"
"notts.scr.poc",17,"R3",""
"ans.fhir.fr.tddui",16,"R4","fr"
"cens.fhir.poclis",16,"R4",""
"de.biv-ot.everordnungabgabedaten",16,"R4",""
"de.gematik.ti",16,"R4","de"
"fhir.nhs.uk.wayfinder",16,"R4","us"
"hl7.fhir.cz.terminology",16,"R5","cz"
"hl7.fhir.us.home-lab-report",16,"R4","us"
"hl7.fhir.us.safr",16,"R4","us"
"hl7.fhir.uv.patient-corrections",16,"R4","uv"
"hl7.fhir.uv.phr",16,"R4","uv"
"ihe.iti.pixm",16,"R4","uv"
"ihe.pcc.odh",16,"R4","uv"
"immunizationfhirig",16,"R4",""
"mint.fhir",16,"R4",""
"HL7France-Clinicalprofils.072021",15,"R4",""
"cezih.hr.condition-management",15,"R4",", uv"
"de.gematik.isik-basismodul-stufe1",15,"R4","de"
"de.kvtelematik.eterminservice.r4",15,"R4",""
"de.medizininformatikinitiative.kerndatensatz.consent",15,"R4",""
"healthdata.be.r4.dcd",15,"R4",""
"hl7.fhir.au.pd",15,"R4","au"
"hl7.fhir.be.childrecord",15,"R4","be"
"hl7.fhir.be.vaccination",15,"R4","be"
"hl7.fhir.fi.smart",15,"R4","fi"
"hl7.fhir.test.multi-lang",15,"R4","test"
"hl7.fhir.us.dental-data-exchange",15,"R4","us"
"hl7.fhir.us.smp",15,"R4","us"
"hl7.fhir.uv.cardx-cied",15,"R5","uv"
"hl7.fhir.uv.cow",15,"R4","uv"
"hl7.fhir.uv.openehr-test",15,"R5","uv"
"ihe.iti.pcf",15,"R4","uv"
"ihe.iti.pdqm",15,"R4","uv"
"smart.who.int.pcmt",15,"R4",""
"Koppeltaalv2.00",14,"R4",""
"ch.fhir.ig.ch-atc",14,"R4","ch"
"healthhub.fhir.dk.core",14,"R4","dk"
"hl7.at.fhir.tc.wg.scheduling.r5",14,"R5",""
"hl7.fhir.be.glucose-monitoring",14,"R4","be"
"hl7.fhir.us.military-service",14,"R4","us"
"ig.fhir-il-community.org.t17",14,"R4",""
"myhie.v4-test",14,"R4",""
"org.example.ProfilingTrainingMay",14,"R4",""
"qualitype.fhir.samples",14,"R4",""
"IHE.ITI.PIXm",13,"R4","uv"
"KBV.ITA.FOR",13,"R4",""
"au.csiro.fhir.logical-models",13,"R4","au"
"ca.on.consent.r4",13,"R4","ca, "
"cens.fhir.poclis-ssmso",13,"R4",""
"ch.fhir.ig.ch-ips",13,"R4","ch"
"de.abda.eRezeptAbgabedatenBasis",13,"R4",""
"de.abda.eRezeptAbgabedatenPKV",13,"R4",""
"de.gematik.isik-terminplanung",13,"R4","de"
"de.gematik.isik-vitalparameter",13,"R4","de"
"de.gematik.isip",13,"R4","de"
"de.medizininformatikinitiative.kerndatensatz.medikation",13,"R4","de"
"ee.fhir.ts",13,"R5","ee"
"fhir.erezept.validator",13,"R4","us"
"hl7.at.fhir.core.r5",13,"R5",""
"hl7.fhir.us.central-cancer-registry-reporting",13,"R4","us"
"hl7.fhir.us.identity-matching",13,"R4","us"
"hl7.fhir.us.immds",13,"R4","us"
"hl7.fhir.us.nhsn-dqm",13,"R4","us"
"hl7.fhir.us.phcp",13,"R4","us"
"iknl.fhir.nl.r4.palga",13,"R4","nl"
"il.core.fhir.r4.2023",13,"R4",""
"il.tasmc.fhir.r4",13,"R4",""
"medcom.fhir.dk.coredocument",13,"R4","dk"
"rki.demis.r4.core",13,"R4",""
"shift.privacy.examples",13,"R4","uv"
"synapxe.rcm.snapshots",13,"R5",""
"vzvz.covid-vaccinations",13,"R4",""
"ans.fhir.fr.sdo",12,"R4","fr"
"cce.fhir.full",12,"R4",""
"de.gematik.fhir.atf",12,"R4",""
"de.gematik.isik-medikation",12,"R4","de"
"de.gevko.evo.hlm",12,"R4",""
"de.medizininformatikinitiative.kerndatensatz.dokument",12,"R4",""
"de.medizininformatikinitiative.kerndatensatz.laborbefund",12,"R4","de"
"difuture.trustcenter.sp",12,"R4",""
"ee.tehik.mpi",12,"R4",""
"example.fhir.uv.mycontentig",12,"R4","uv"
"gov.healthit.ecqi.ecqms.subset",12,"R4",""
"hl7.at.fhir.core.r4",12,"R4",""
"hl7.fhir.us.hai",12,"R4","us"
"hl7.fhir.us.pacio-rt",12,"R4","us"
"hl7.fhir.us.sirb",12,"R4","us"
"hl7.fhir.uv.bulkdata",12,"R4","uv"
"hl7.fhir.uv.epi-test",12,"R5","uv"
"hl7.fhir.uv.rtls",12,"R4","uv"
"hl7.fhir.uv.smart-app-launch",12,"R4","uv"
"ihe.palm.rpc",12,"R4","uv"
"nictiz.fhir.nl.stu3.questionnaires",12,"R3","nl"
"nxh.fhir.r4",12,"R4",""
"rki.demis.common.strict",12,"R4",", de"
"Arkhn.core",11,"R4",""
"ch.fhir.ig.ch-epr-ppqm",11,"R4","ch"
"com.medipee.fhir.uroli-export",11,"R4",""
"eu.epi.february2025b",11,"R5",""
"example.fhir.uv.myig",11,"R4","uv"
"globalalliant.us.eom",11,"R4",""
"hl7.cql",11,"R4",""
"hl7.fhir.be.allergy",11,"R4","be"
"hl7.fhir.essilux.core",11,"R4","essilux"
"hl7.fhir.us.pacio-cs",11,"R4","us"
"hl7.fhir.us.pacio-fs",11,"R4","us"
"hl7.fhir.uv.vulcan-schedule",11,"R4","uv"
"iknl.fhir.nl.r4.ncr-ehr.r4",11,"R4","nl"
"kvdigital.vermittlungscode-abrufen-pvs",11,"R4",""
"lung.ca.screen.assignment",11,"R4",""
"mes.fhir.fr.mesure",11,"R4","fr"
"odilab.evo",11,"R4",""
"smart.who.int.pcmt-vaxprequal",11,"R5",""
"ans.fhir.fr.cdl",10,"R4","fr"
"br.ufg.cgis.ig",10,"R4","br"
"de.diga.abatonra",10,"R4",""
"dk.4s-online.raplito",10,"R4",""
"ee.fhir.hdecl",10,"R5",""
"fhir.argonaut.pd",10,"R3","us"
"fhir.blood",10,"R4","us"
"fhir.gdx",10,"R4","us"
"hl7.fhir.us.davinci-pcde",10,"R4","us"
"hl7.fhir.us.health-care-surveys-reporting",10,"R4","us"
"hl7.fhir.us.mihr",10,"R4","us"
"hl7.fhir.us.odh",10,"R4","us"
"hl7.fhir.uv.application-feature",10,"R5","uv"
"hl7.fhir.uv.fhir-clinical-document",10,"R4","uv"
"kbv.mio.zaeb",10,"R4",""
"medcom.fhir.dk.messaging",10,"R4","dk"
"nictiz.fhir.nl.stu3.eafspraak",10,"R3","nl"
"rki.demis.statistic",10,"R4",", de"
"smart.who.int.ra",10,"R4","uv"
"ufp.core",10,"R4",""
"vzvz.fhir.nl-vzvz-core",10,"R4B","nl"
"ackig",9,"R4",""
"de.ihe-d.terminology",9,"R4",""
"de.medizininformatikinitiative.kerndatensatz.fall",9,"R4","de"
"de.medizininformatikinitiative.kerndatensatz.person",9,"R4","de"
"digi.derm",9,"R5",""
"ee.fhir.spd",9,"R5",""
"fhir.argonaut.clinicalnotes",9,"R3","us"
"fhir.kisumuhie",9,"R4","us"
"gen.kanta.r4",9,"R4",""
"hie2.packages",9,"R4",""
"hl7.fhir.be.lab",9,"R4","be"
"hl7.fhir.be.patient-care",9,"R4","be"
"hl7.fhir.be.public-health",9,"R4","be"
"hl7.fhir.us.hai-ltcf",9,"R4","us"
"hl7.fhir.us.nhsn-ade",9,"R4","us"
"hl7.fhir.uv.cardx-htn-mng",9,"R4","uv"
"hl7.fhir.uv.dap",9,"R6","uv"
"hl7.fhir.uv.rfi-ig",9,"R5","uv"
"ishmed.i14y.r4",9,"R4",""
"medcom.fhir.dk.document",9,"R4","dk"
"medcom.fhir.dk.messagedefinitions",9,"R4","dk"
"medmij.fhir.nl.r4.imageavailability",9,"R4","nl"
"nictiz.fhir.nl.r4.immunization",9,"R4","nl"
"nictiz.fhir.nl.r4.profilingguidelines",9,"R4","nl"
"nictiz.fhir.nl.stu3.bgz",9,"R3","nl"
"no.ntnu.folk.adamzk.it6103.wada-list",9,"R4",""
"on.accdr.pkg",9,"R4",""
"org.helex.ccm",9,"R5",""
"uk.nhsdigital.clinical.r4",9,"R4",""
"acme.profiling.tutorial.r4",8,"R4",""
"ca-on-dhdr-r4.v09",8,"R4","ca, "
"ca.on.mha.pds",8,"R4",", ca"
"cezih.hr.encounter-management",8,"R4",""
"ch.fhir.ig.ch-ig",8,"R4","ch"
"de.abda.erezeptabgabedatenpkv",8,"R4",""
"de.acticore.export",8,"R4",""
"de.gematik.epa.mhd",8,"R4","de"
"de.gematik.erezept-patientenrechnung.r4",8,"R4",""
"de.medizininformatikinitiative.kerndatensatz.diagnose",8,"R4","de"
"de.medizininformatikinitiative.kerndatensatz.prozedur",8,"R4","de"
"dk.ehmi.eas",8,"R4","dk"
"ezprava.fhir",8,"R4",""
"furore.test.fsh.demo",8,"R4",""
"gpc.stu3.fhir-assets",8,"R3",""
"hl7.fhir.eu.mpd",8,"R4","eu"
"hl7.fhir.eu.mpd-r5",8,"R5","eu"
"hl7.fhir.us.sdcde",8,"R3","us"
"hl7.fhir.uv.sdc.r4b",8,"R4B","uv"
"hl7.fhir.uv.security-label-ds4p",8,"R4","uv"
"ihe.pcc.ript",8,"R4","uv"
"maccabi.maccabident.medicationrequest.r4",8,"R4",""
"nictiz.fhir.nl.r4.outcomebasedcare",8,"R4","nl"
"ntt.healthgenig",8,"R4",""
"progetto.eng",8,"R4",""
"sunwayhie.r4",8,"R4",""
"LogicNets.NCCN",7,"R4",""
"TigaCoreHUB.Patient",7,"R4",""
"UK.NHSDigital.BARS.R4",7,"R4",""
"acme.base.r4",7,"R4","us"
"alpha.core.r4",7,"R4",""
"ca.learning-forge-v3.r4",7,"R4",""
"care.commonprofiles.fhir",7,"R4","se"
"de.gematik.epa.medication",7,"R4","de"
"devdays.r4.example.conformanceresources",7,"R4",""
"fhir.astp.bhp",7,"R4","us"
"fhir.paciosampledata",7,"R4","us"
"fhir.washabich.de",7,"R4","us"
"fi.kela.kanta.hrp.potilastiedot",7,"R4",""
"hl7.fhir.eu.extensions",7,"R5","eu"
"hl7.fhir.uv.aitransparency",7,"R4","uv"
"hl7.fhir.uv.immds",7,"R4","uv"
"ihe-de.iti.xds-vs-mappings",7,"R4","de"
"il.lab.tasmc.fhir.r4",7,"R4",""
"medcom.fhir.dk.hospitalnotification",7,"R4","dk"
"pbm.V1.fhir",7,"R4",""
"uk.gpc.updaterecord",7,"R3",""
"uk.nhsdigital.medicines.r4.test",7,"R4",""
"ASIC.Package",6,"R4",""
"KBV.MIO.U-Heft",6,"R4",""
"Pseudo.Frog",6,"R4",""
"TInterop.23",6,"R4",""
"acme.canada",6,"R4",""
"acs.ig.epi.pl.deu",6,"R5",""
"apo.cdl.test",6,"R4",""
"basisprofil.tiplu.de.r4",6,"R4",""
"ca.infoway.io.halo",6,"R4",""
"ch.fhir.BNW.ch-core",6,"R4","ch"
"de.gematik.isik-dokumentenaustausch",6,"R4","de"
"de.gkvsv.eRezeptAbrechnungsdaten",6,"R4",""
"devdays.letsbuildafhirspec.simplifier",6,"R4",""
"eRS.r4.assets",6,"R4",""
"ee.fhir.hcert",6,"R5","ee"
"eu.epi.february2025",6,"R5",""
"hl7.fhir.be.patient-monitoring",6,"R4","be"
"hl7.fhir.us.cql",6,"R4","us"
"hl7.fhir.us.nhsn-med-admin",6,"R4","us"
"hl7.fhir.us.pacio-toc",6,"R4","us"
"hl7.fhir.uv.ae-research-ig",6,"R5","uv"
"hl7.fhir.uv.ehrs-rle",6,"R6","uv"
"hl7.fhir.uv.smart-health-cards-and-links",6,"R4","uv"
"hmb.fhir.ig",6,"R4",""
"ig-ee-starter",6,"R5","ee"
"ihe.iti.deid",6,"R4","uv"
"ihe.rad.ira",6,"R5","uv"
"medcom.fhir.dk.conditionlist",6,"R4","dk"
"new.project20250522",6,"R4",""
"nictiz.fhir.nl.stu3.eoverdracht",6,"R3","nl"
"nictiz.fhir.nl.stu3.images",6,"R3","nl"
"qurasoft.saniq",6,"R4",""
"robin.gittest",6,"R4",""
"test.module3.v2",6,"R4",""
"test.prova",6,"R4",""
"tewhatuora.digitaltooling",6,"R4",""
"tewhatuora.digitaltooling.iguat",6,"R4",""
"MIO.KBV.Mutterpass",5,"R4",""
"Test20171286.neu",5,"R4",""
"WorkshopJena3.v1",5,"R4",""
"acme.dallas.cowboy",5,"R4",""
"acme.minneapolis.cowboy",5,"R4",""
"acme.product.r4",5,"R4",""
"asdmc.draft",5,"R4","il"
"ashmc.fhir",5,"R4","il"
"ch.fhir.ig.ch-allergyintolerance",5,"R4","ch"
"de.gematik.epa.research",5,"R4",""
"de.medizininformatikinitiative.kerndatensatz.symptom",5,"R4","de"
"ereferralontario.core",5,"R4",""
"fhir.cdc.opioid-mme-r4",5,"R4","us"
"fhir.example",5,"R4","us"
"fhir.nl.generic-functions-ig",5,"R4","us"
"hl7.fhir.be.infsec",5,"R4","be"
"hl7.fhir.be.problem",5,"R4","be"
"hl7.fhir.kr.core",5,"R4","kr"
"hl7.fhir.us.meds",5,"R3","us"
"hl7.fhir.uv.ihe-sdc-ecc",5,"R4","uv"
"hl7.fhir.uv.symptoms",5,"R5","uv"
"ihe.domain.profile",5,"R4","uv"
"ihe.pcc.fiio",5,"R4","uv"
"ihe.pcc.qedm",5,"R4","uv"
"ihe.qrph.madx",5,"R4","uv"
"iknl.fhir.nl.r4.performation",5,"R4","nl"
"il.fhir.r4.ashmc",5,"R4",""
"il.szmc.fhir.r4",5,"R4",""
"jct.fhir.spenser",5,"R5","uv"
"kbv.ita.for",5,"R4",""
"kbv.itv.evdga",5,"R4",""
"medcom.fhir.dk.homecareobservation",5,"R4","dk"
"nictiz.fhir.nl.r4.elz",5,"R4","nl"
"ontario-mha-old-v0.9-alpha",5,"R4",""
"rki.emiga.orgv",5,"R4",""
"shin.interconnect",5,"R4",""
"surescripts.RecordLocatorExchange",5,"R4",""
"CanonicalVersioningTest-0.01.01",4,"R4",""
"CarePlanRT.Eng",4,"R4",""
"CygnetHealth.00.00.01",4,"R4",""
"KBV.ITA.ERP",4,"R4",""
"MyHIE.v4",4,"R4",""
"NTT.HealthgenIG",4,"R4",""
"acme.cowboy.fsh",4,"R4",""
"canadian.fsh.demo",4,"R4",""
"de.dit-connectathon.r4",4,"R4",""
"de.transfer-abrechnungsdaten.r4",4,"R4",""
"dk.ehmi.eds",4,"R4","dk"
"dvmd.kdl.r4.2020",4,"R4",""
"fhir.ig.mc",4,"R4B","us"
"fi.kanta.gen.r4",4,"R4",""
"healthdata.be.r4.laboratorytestresult",4,"R4",""
"hl7.cda.examples",4,"R5","examples"
"hl7.fhir.dk.smart",4,"R4","dk"
"hl7.fhir.no.basis",4,"R4","no"
"hl7.fhir.us.bulkdata",4,"R4","us"
"hl7.fhir.us.medication-rems",4,"R4","us"
"hl7.fhir.us.medmorph-research-dex",4,"R4","us"
"hl7.fhir.uv.howto",4,"R5","uv"
"hl7.fhir.uv.sql-on-fhir",4,"R5","uv"
"hl7.fhirpath",4,"R4","uv"
"ihe.iti.mxde",4,"R4","uv"
"ishmed.i14y.r4.de",4,"R4",""
"junk.sample-preview",4,"R4",""
"marburg.schulung",4,"R4",""
"medcom.fhir.dk.acknowledgement",4,"R4","dk"
"nictiz.fhir.nl.r4.labexchange",4,"R4","nl"
"nictiz.fhir.nl.r4.patientcorrections",4,"R4","nl"
"npu-terminology",4,"R4","uv"
"portuguese.use-cases.guide",4,"R4B",""
"surescripts.CareEventNotifications",4,"R4",""
"test.circular.snapshot",4,"R4",""
"xxexample.fhir.food-Allergy",4,"R4","uv"
"IHE.ITI.PDQm",3,"R4","uv"
"Northwell.Person.Extensions",3,"R4B",""
"NorthwellHealth.Extensions.Person",3,"R4B",""
"Test.Luxottica2",3,"R4",""
"acme.product",3,"R3",""
"ans.fhir.fr.telesurveillance",3,"R4","fr"
"ca-on-dhdr-r4.v1",3,"R4",""
"ca.on.oh-setp",3,"R4",""
"com.hl7.cyb.r5",3,"R5",""
"de.TestprojektUKF.rmy",3,"R4",""
"de.abda.erezeptabgabedaten",3,"R4",""
"de.gematik.dev.epa",3,"R4",""
"devdays.letsbuild.simplifier",3,"R4",""
"dqa.outburn.r4",3,"R4",""
"duwel.nl.stu3.sandbox.dev",3,"R3","nl"
"eRS.STU3.Parameters",3,"R3",""
"ebm-cpg.netzwerk-universitaetsmedizin.de",3,"R5",""
"elona.health",3,"R4",""
"fhir.cqf.ccc",3,"R4","us"
"fhir.cqf.common",3,"R4","us"
"firely.com.accessibilitytesting",3,"R4",""
"fume.outburn.r4",3,"R4",""
"hl7.fhir.be.patientwill",3,"R4","be"
"hl7.fhir.rdsuwearme",3,"R4","rdsuwearme"
"hl7.fhir.us.exchange-routing",3,"R4","us"
"hl7.fhir.uv.mhealth-framework",3,"R4","uv"
"hl7.fhir.uv.tools.r3",3,"R3","uv"
"ihe.formatcode.fhir",3,"R4","uv"
"ihe.iti.aips",3,"R4","uv"
"ihe.iti.sips",3,"R4","uv"
"ihe.pcc.maps.us",3,"R4","uv"
"ihe.pcc.rsq",3,"R4","uv"
"ihe.qrph.qmod",3,"R4","uv"
"ihe.ro.smrt",3,"R4","uv"
"intraproc.anesthesia",3,"R4",""
"johnmoehrke.testvital.example",3,"R4","uv"
"myig",3,"R4","uv"
"questinnaire.profiles",3,"R4",""
"smart.who.int.ig-empty",3,"R4","uv"
"test.project1",3,"R4",""
"who.ved",3,"R4","uv"
"AndersonSanto.Tarefa6",2,"R4",""
"DL.base",2,"R4",""
"KBV.ITA.EAU",2,"R4",""
"KBV.MIO.ZAEB",2,"R4",""
"MyDummyProject.01",2,"R4",""
"OntarioContextManagement.core",2,"R4",""
"acme.fsh.ig.example",2,"R4",""
"beact.es.publishingtutorial",2,"R4",""
"ca.argentixinfo.howtopub",2,"R4","uv"
"ca.on.oh-erec-ig",2,"R4",""
"commonwell-consent-trial01.01",2,"R4",""
"d3b.kidsfirst.r4",2,"R4",""
"de.abda.erezeptabgabedatenbasis",2,"R4",""
"dk-ehmi-sbdh",2,"R4","dk"
"duwel.nl.r4.sandbox.dev",2,"R4","nl"
"ehi.api",2,"R4","us"
"ezFHIR2.pk",2,"R4",""
"fhir.jgsuess.psa-ig",2,"R4","us"
"fhir.project0620",2,"R4","us"
"fhir.test",2,"R4","us"
"fmcna.caredata.fhir.ig.r4.copy",2,"R4",""
"healthdata.be.r4.clinicalreportresearch",2,"R4",""
"hl7.eu.fhir.coalesced",2,"R4","eu"
"hl7.fhir.efss",2,"R5","efss"
"hl7.fhir.us.patient-reported-outcomes",2,"R4","us"
"hl7.fhir.uv.adverseeventclinicalcare",2,"R5","uv"
"hl7.fhir.uv.cdisc-lab",2,"R4","uv"
"hl7.fhir.uv.deval",2,"R4","uv"
"hl7.fhir.uv.epi-asean",2,"R4","uv"
"hl7.fhir.uv.epi-jp-ig",2,"R5","uv"
"hl7.fhir.uv.ibcm",2,"R5","uv"
"hl7.fhir.uv.smart-web-messaging",2,"R4","uv"
"hl7.terminology.r4b",2,"R4B","uv"
"ig.in",2,"R4","in"
"ihe.iti.mhds",2,"R4","uv"
"il.dqa.fhir.r4",2,"R4",""
"il.fhir.r4.dgmc",2,"R4",""
"kbv.all.st-rc",2,"R4",""
"medigree.fhir.translations.langpack",2,"R4",""
"mrrt.mintmedical",2,"R4",""
"ontariomicdrfhirimplementationguide-0.10.00",2,"R4",""
"outburn.general.purpose.staging",2,"R4",""
"rambam-fhir.health.gov.il",2,"R4",""
"resource.versioning",2,"R4",""
"rki.demis.laboratory",2,"R4",""
"smart.who.int.ips-pilgrimage-test",2,"R4","uv"
"stb.combined",2,"R4",""
"test.touchstone.at.package",2,"R4",""
"testprojekt.sl.r4",2,"R4","sl"
"xxxexample.fhir.uv.myig",2,"R4","uv"
"Berkay.Sandbox",1,"R4",""
"DIFUTURE.trustcenter.sp",1,"R4",""
"Formation.FHIR",1,"R4",""
"LS.fhir.r4.DevDays2019.labobservations",1,"R4",""
"Medical.Certificate",1,"R4",""
"Medication.ProjectSIU3",1,"R3",""
"NCN2.01",1,"R3",""
"NICEProfiling.v23Q1",1,"R3",""
"NaminderSTU3.testing",1,"R3",""
"Northwell.Extensions",1,"R4B",""
"Patient.Hospice-LOC",1,"R4",""
"Test20171202.com",1,"R4",""
"Touchstone-ereferralontario.core",1,"R4",""
"acme.base",1,"R4",""
"ai4health.it.test.r4",1,"R4",""
"ans.fr.doctrine",1,"R4","fr"
"ans.fr.documentation",1,"R4","fr"
"ans.fr.securisation-transport",1,"R4","fr"
"ca.on.patient-summary",1,"R4",""
"cezih.uv.cod",1,"R4",""
"ch.cel.thetest2-core",1,"R4",""
"ch.raly.ig.raly-examples",1,"R4",""
"cms.fhir.qmd",1,"R4","uv"
"cp.test.project.v1-0",1,"R4",""
"custom-extensions.ammy.test",1,"R5",""
"de.gematik.dev.ti",1,"R4",""
"de.gematik.epa.audit",1,"R4",""
"de.gematik.isik-labor",1,"R4",""
"de.gevko.dev.te-tvz",1,"R4",""
"dev.spilikin.aua.PainManagement",1,"R4",""
"dev.spilikin.aua.painmanagement",1,"R4",""
"devdays.letsbuildafhirspec.simplifier1",1,"R4",""
"dvmd.kdl.r4",1,"R4",""
"dvmd.kdl.r4.2021",1,"R4",""
"dvmd.kdl.r4.2022",1,"R4",""
"dw.gardenia",1,"R4",""
"eMERGEClinicalGeneticsReports.FHIRExtensionResources",1,"R4",""
"fbe.babycare.app",1,"R4",""
"fhir.tx.support.r3",1,"R3","us"
"first.package",1,"R4",""
"geosalud.UY.implementationGuide",1,"R4",""
"globalalliant.us.eom-updates",1,"R4",""
"hl7-eu-microbiology-experiment",1,"R4",""
"hl7.cda.uv.core",1,"R5","uv"
"hl7.eu.fhir.gh-ips",1,"R4","eu"
"hl7.eu.fhir.xshare-ips-plus",1,"R4","eu"
"hl7.eu.fhir.xshare-ipsr",1,"R4","eu"
"hl7.fhir.cl.CoreCH",1,"R4","cl"
"hl7.fhir.eu.extensions.r5",1,"R5","eu"
"hl7.fhir.nume.dev",1,"R4","nume"
"hl7.fhir.pubpack",1,"R4","uv"
"hl7.fhir.us.measureset",1,"R4","us"
"hl7.fhir.us.udap-security",1,"R4","us"
"hl7.fhir.uv.cdisc-mapping",1,"R4","uv"
"hl7.fhir.uv.cds-hooks",1,"R4","uv"
"hl7.fhir.uv.cds-hooks-library",1,"R4","uv"
"hl7.fhir.uv.shorthand",1,"R4","uv"
"hl7.fhir.uv.termfundamentals",1,"R5","uv"
"hl7.fhir.uv.xver.r4",1,"R4","uv"
"hl7.fhir.uv.xver.r4b",1,"R4B","uv"
"hl7.terminology.r3",1,"R3","uv"
"hl7.xprod.uv.gender-harmony",1,"R5",""
"hl7.xprod.uv.piqi",1,"R5",""
"hl7.xprod.uv.tinkar",1,"R5",""
"ihe.pcc.ems-overall",1,"R4","uv"
"kbv.basis.with.expansion",1,"R4",""
"my-ig",1,"R4","uv"
"nhsdigital.fhir.stu3",1,"R3",""
"pbmesolutions.v1.fhir",1,"R4",""
"sfm.030521",1,"R4",""
"smart.who.int.dak-SMBP",1,"R4",""
"smart.who.int.dak-ccc",1,"R4B",""
"smart.who.int.dak-empty",1,"R4",""
"smart.who.int.dak-immz",1,"R4",""
"smart.who.int.dak-pnc",1,"R4",""
"smart.who.int.dak-smbp",1,"R4",""
"smart.who.int.dak-tb",1,"R4",""
"smart.who.int.ig-starter-kit",1,"R5","uv"
"smart.who.int.l2-hhas",1,"R4",""
"smart.who.int.ts",1,"R4",""
"synapxe.rcm",1,"R5",""
"ten.fhir",1,"R4",""
"tesisoncologicia.ubo",1,"R4",""
"test.colo.qc",1,"R4",""
"test.fhir",1,"R4",""
"tewhatuora.digitaltooling.ig",1,"R4",""
"vzvz.fhir.nl-vzvz-core-stu3",1,"R3","nl"
