"package_id","realm","fhir_version","name","country","category","description"
"hl7.fhir.us.core","US","4.0.1","US Core","us","National Base","Base US national implementation guide"
"hl7.fhir.us.ccda","US","4.0.1","CCDA on FHIR","us","Clinical Documents","US Realm Implementation Guide (IG) addressing the key aspects of Consolidated CDA (C-CDA) required for Meaningful Use (MU). This IG focuses on the clinical document header and narrative constraints necessary for human readability, and references the Data Access Framework (DAF) implementation guide for coded data representation"
"hl7.fhir.us.sdcde","US","3.0.1","SDC Data Elements Registry","us","Forms Management","Defines expectations for sharing of data elements between registries"
"hl7.fhir.us.lab","US","1.0.2","US Lab","us","Diagnostics","US Realm Laboratory ordering and reporting between ambulatory care setting and the laboratory and laboratory reporting to public health jurisdictions"
"hl7.fhir.us.daf","US","3.0.1","DAF","us","EHR Access","Basic arrangements for accessing meaningful use data from EHR systems **NOTE: DAF has been superseded by Argonaut, DAF-Research and US-Core**"
"fhir.argonaut.r2","US","1.0.2","Argonaut Data Query","us","EHR Access","This implementation guide is based upon DSTU2 FHIR standard and covers the US EHR data access for the ONC Common Clinical Data Set and retrieval of static documents"
"fhir.hspc.core","US",NA,"HSPC EHR Guide","us","EHR Access","Builds on Argonaut to make agreements around consistent data (in progress)"
"hl7.fhir.us.meds","US","3.0.1","US Meds Maturity Project","us","Medications / Immunizations","US Meds Maturity Project: promote consistent use of the FHIR pharmacy resources in the US Realm"
"hl7.fhir.us.qicore","US","4.0.1","QICore","us","Quality / CDS","QICore defines a uniform way for quality measurement and decision support knowledge to refer to clinical data. The profiles align as much as possible with DAF and incorporate content from the (Quality Data Model) and the (Virtual Medical Record) specifications"
"hl7.fhir.us.daf-research","US","3.0.1","DAF-Research","us","Research","DAF-Research IG focuses on enabling researchers to access data from multiple organizations"
"hl7.fhir.us.hai","US","4.0.1","US HAI","us","Medication / Immunization","Specifies standards for electronic submission of Healthcare Associated Infection (HAI) reports to the National Healthcare Safety Network (NHSN) of the Centers for Disease Control and Prevention (CDC)"
"hl7.fhir.us.breastcancer","US","3.0.1","US Breast Cancer Data","us","Diagnostics","Logical models and FHIR profiles for supporting breast cancer staging estimation, including the traditional three-component staging involving primary tumor classification, regional lymph nodes and distant metastases, as well as other factors important to prognosis and recurrence risk, such as tumor grade, hormone receptor status (progesterone and estrogen), as well as human epidermal growth factor 2 (HER 2) status"
"fhir.argonaut.pd","US","3.0.1","Argonaut Provider Directory","us","Administration","This implementation guide is based upon STU3 FHIR standard and outlines the key data elements for any provider directory and basic query guidance. The components developed in this guide are intended to provide a foundation for a central or distributed Provider or Healthcare Directory"
"fhir.argonaut.scheduling","US","3.0.1","Argonaut Scheduling","us","Administration","This implementation guide is based upon STU3 FHIR standard and provides FHIR RESTful APIs and guidance for access to and booking of appointments for patients by both patient and practitioner end users"
"hl7.fhir.us.ecr","US","4.0.1","Electronic Case Reporting","us","Medication / Immunization","The Electronic Case Reporting (eCR) Implementation Guide supports Reporting, investigation, and management via electronic transmission of clinical data from Electronic Health Records to Public Health Agencies, along with the management and processing of population cases. Ths IG covers Bi-directional information exchange and triggering and decision support"
"hl7.fhir.us.davinci-crd","US","4.0.1","Coverage Requirements Determination (Da Vinci)","us","Financial","Provides a mechanism for healthcare providers to discover guidelines, pre-authorization requirements and other expectations from payor organizations related to a proposed medication, procedure or other service associated with a patient's insurance coverage. Supports both patient-specific and patient-independent information retrieval"
"hl7.fhir.us.davinci-deqm","US","4.0.1","Data Exchange for Quality Measures (Da Vinci)","us","Financial","Provides a mechanism for healthcare providers and data aggregators to exchange quality measure information using subscription, query, and push methods"
"hl7.fhir.us.odh","US","4.0.1","Occupational Data for Health","us","Clinical Observations","This IG covers the specific data that covers past or present jobs, usual work, employment status, retirement date and combat zone period for the subject. It also includes the past or present jobs and usual work of other household members"
"hl7.fhir.us.bser","US","4.0.1","Bidirectional Services eReferrals (BSeR) FHIR IG","us","Medication / Immunization","The Bidirectional Services eReferrals (BSeR) FHIR IG provides guidance on STU3 FHIR Resources and US Core IG profiles for use in exchanging a referral request and specific program data from a clinical provider to a typically extra-clinical program service provider, such as a diabetes prevention program, a smoking quitline, or a hypertension management training program. And provides for the return of feedback information from the service program to the referring provider"
"hl7.fhir.us.bulkdata","US","4.0.0","FHIR Bulk Data Access","us","EHR Access","This Implementation Guide defines secure FHIR export Operations that use this capability to provide an authenticated and authorized client with the ability to register as a backend service and retrieve any data in a FHIR server, data on all patients in a server, or data on a group of patients while optionally specifying data since a certain date"
"hl7.fhir.us.cdmh","US","4.0.1","Common Data Models Harmonization FHIR IG","us","Research","The CDMH FHIR IG provides the guidance necessary to map the four common data models namely Sentinel, PCORnet CDM, i2b2 and OMOP to FHIR resources and profiles"
"hl7.fhir.us.cqfmeasures","US","4.0.1","Quality Measure Implementation Guide","us","Quality / CDS","Provides profiles and guidance for the representation of clinical quality measures in FHIR and Clincal Quality Language (CQL)"
"hl7.fhir.us.davinci-dtr","US","4.0.1","Documentation Templates and Rules","us","Financial","Provides a mechanism for delivering and executing payer rules related to documentation requirements for a proposed medication, procedure or other service associated with a patient's insurance coverage"
"hl7.fhir.us.davinci-hrex","US","4.0.1","Da Vinci Health Record Exchange","us","Financial","A library of shared artifacts used by other Da Vinci and payer related implementation guides"
"hl7.fhir.us.eltss","US","4.0.1","electronic Long-Term Services and Supports Implementation Guide","us","Medication / Immunization","Provides guidance to US Realm implementers to use the FHIR for implementing access and exchange Electronic Long-Term Services & Supports (eLTSS) Dataset data elements"
"hl7.fhir.us.patient-reported-outcomes","US","4.0.0","Patient Reported Outcomes (PRO) FHIR IG","us","Personal Healthcare","This IG provides the necessary guidance to use FHIR for Patient Reported Outcomes"
"hl7.fhir.us.phcp","US","4.0.1","Pharmacist Care Plan FHIR IG","us","Medications / Immunizations","This is an electronic care plan with enhanced Medications / Immunizations content based on the templates in the HL7 Implementation Guide for C-CDA Release 2.1: Consolidated CDA for Clinical Notes, represented using FHIR profiles"
"hl7.fhir.us.vrdr","US","4.0.1","Vital Records Mortality and Morbidity Reporting FHIR IG","us","Medication / Immunization","The VRDR FHIR IG provides guidance regarding the use of FHIR resources for the bidirectional exchange of mortality data between State-run PHA Vital Records offices and NCHS"
"hl7.fhir.us.womens-health-registries","US","4.0.1","Womens Health Technology Coordinated Registry Network FHIR IG","us","Clinical Registries","The purpose of the IG to provide the necessary guidance to use FHIR to build registries specific to monitoring Womens Health"
"argonaut.us.clinicalnotes","US","3.0.1","Argonaut Clinical Notes Implementation Guide","us","EHR Access","This implementation guide provides implementers with FHIR profiles and guidance to create, use, and share Clinical Notes"
"argonaut.us.questionnaire","US","3.0.1","Argonaut Questionnaire Implementation Guide","us","EHR Access","This implementation guide provides implementers with FHIR RESTful APIs and guidance to create, use and share between organizations standard assessment forms and the assessment responses"
"hl7.fhir.us.Davinci-drug-formulary","US","4.0.1","US Drug Formulary","us","Medications / Immunizations","API-based data exchange to Third-Party Applications via Member-authorized sharing of Health Plan's Prescription Drug Formulary."
"hl7.fhir.us.davinci-cdex","US","4.0.1","Da Vinci CDex","us","Financial","Provider-to-payer and payer-related provider-to-provider data exchange to improve care coordination, support risk adjustment, ease quality management, facilitate claims auditing and confirm medical necessity, improve member experience, and support orders and referrals."
"hl7.fhir.us.davinci-pdex","US","4.0.1","Da Vinci PDex","us","Financial","Payer data exchange with providers to support care coordination. Member-authorized sharing to Third-Party applications of Health Plan's Healthcare Service Network, Pharmacy Network and Prescription Drug Formulary"
"hl7.fhir.us.hai-ltcf","US","4.0.1","Healthcare Associated Infection Reports (HAI) Long Term Care Facilities (LTCF)","us","Medication / Immunization","Long term care facility (LTCF) healthcare-associated infection (HAI) reporting to CDC National Healthcare Safety Network (NHSN) to track infections and prevention process measures in a systematic way, which allows identification of problems and care improvement"
"hl7.fhir.us.davinci-alerts","US","4.0.1","Da Vinci Unsolicited Notifications (Alerts)","us","Financial","The goal of this IG is to support the real-time exchange of alerts and notifications that impact patient care and value based or risk based services"
"hl7.fhir.us.davinci-pcde","US","4.0.1","Da Vinci Payer Coverage Decision Exchange (PCDE) FHIR IG","us","Financial","Payer coverage decision exchange will promote continuity of treatment when a member moves from one covered payer to another without increasing provider burden or cost to the member. This IG enables member-authorized sharing of treatment, conditions, authorizations, relevant guidelines and supporting documentation from an original payer to a new payer when a patient changes coverage plans."
"hl7.fhir.us.breast-radiology","US","4.0.1","Breast Radiology Report (BRR)","us","Care Management","Breast Radiology CIMI Logical Models and FHIR Profiles"
"hl7.fhir.us.mcode","US","4.0.1","Minimal Common Oncology Data Elements (mCODE)","us","Care Management","This IG specifies a core set of common data elements for cancer that is clinically applicable in every electronic patient record with a cancer diagnosis. It is intended to enable standardized information exchange among EHRs/oncology information systems and reuse of data by other stakeholders (e.g. quality measurement, research)."
"hl7.fhir.us.davinci-pas","US","4.0.1","Da Vinci Prior Authorization Support (PAS) FHIR IG","us","Financial","This IG allows providers the ability to easily identify the need for payer authorizations, assemble necessary information, identify and supply missing information and submit it to the payer electronically and receive a response in real time within the clinical workflow."
"hl7.fhir.us.davinci-pdex-plan-net","US","4.0.1","Davinci pdex Plan Net","us","Administration","A subset of the functionality described in the Validated healthcare directory IG"
"fhir.argonaut.clinicalnotes","US","3.0.1","Argonaut Clinical Notes Implementation Guide","us","EHR Access","This implementation guide provides implementers with FHIR profiles and guidance to create, use, and share Clinical Notes"
"fhir.argonaut.questionnaire","US","3.0.1","Argonaut Questionnaire Implementation Guide","us","EHR Access","Thi IG provides guidance to support interchange of simple forms based on the Questionnaire and QuestionnaireResponse resources: it provides implementers with FHIR RESTful APIs and guidance to create, use and share between organizations standard assessment forms and the assessment responses"
"hl7.fhir.us.carin-rtpbc","US","4.0.1","CARIN Real-time Pharmacy Benefit Check","us","Financial","This is a guide for implementing a consumer-focused Real-time Pharmacy Benefit Check (RTPBC) process using HL7 FHIR® R4.Using RTPBC, a patient can learn the cost and insurance coverage related to medications they’ve been prescribed"
"hl7.fhir.us.carin-bb","US","4.0.1","CARIN Blue Button Implementation Guide","us","Financial","Implementation guide for an API similar to the CMS Medicare Blue Button 2.0 API, FHIR R3 based, that will allow consumer-directed exchange of commercial Health Plan/Payer adjudicated claims data to meet the requirements of the CMS Interoperability and Patient Access proposed rule."
"hl7.fhir.us.davinci-atr","US","4.0.1","Risk Based Contracts Member Attribution List FHIR IG","us","Financial","Support the real-time exchange of alerts and notifications that impact patient care and value based or risk based services."
"hl7.fhir.us.dme-orders","US","4.0.1","Post Acute Orders FHIR IG","us","Care Management","Electronic exchange of post-acute orders"
"hl7.fhir.us.davinci-drug-formulary","US","4.0.1","US Drug Formulary","us","Medications / Immunizations","API-based data exchange to Third-Party Applications via Member-authorized sharing of Health Plan's Prescription Drug Formulary."
"hl7.fhir.us.dental-data-exchange","US","4.0.1","Dental Data Exchange","us","Clinical Observations","This FHIR R4 IG defines exchange of medical and dental information exchange between medical/dental and dental/dental realms, including referral and corresponding consult note using US-core, CCDAonFHIR, Occupational Data for Health, and Da Vinci profiles."
"hl7.fhir.us.fhir-medmorph","US","4.0.1","Making Ehr Data MOre Available to Research and Public Health (MedMorph)","us","Medication / Immunization","The The MedMorph FHIR IG enables Public Health and Research Organizations to access EHR data without increasing provider burden."
"hl7.fhir.us.pacio-fs","US","4.0.1","PACIO Functional Status Implementation Guide","us","Patient Summary","FHIR R4 IG that leverages eLTSS and utilizes the Self-Care, Mobility and Prior Device use sections of CMS assessment forms (IRF-PAI, MDS, OASIS, LTCH) to enable the sharing of functional status information when a patient moves from one clinical care setting to another."
"hl7.fhir.us.pacio-cs","US","4.0.1","PACIO Cognitive Status Implementation Guide","us","Patient Summary","FHIR R4 IG that leverages eLTSS and utilizes the Confusion Assessment Method (CAM) assessment to enable the sharing of cognitive status information when a patient moves from one clinical care setting to another."
"hl7.fhir.us.specialty-rx","US","4.0.1","Specialty Medication Enrollment","us","EHR Access","This FHIR IG focuses on the exchange of data (Demographic, prescription, clinical and financial) for dispensing specialty medications by pharmacies as well as facilitating the enrollment of patients in programs offered by third parties such as but not limited to Hub vendors and Pharmaceutical manufacturers."
"hl7.fhir.us.vr-common-library","US","4.0.1","Vital Records Common Profile Library","us","Medication / Immunization","Library containing profiles used by other Vital Records IGs such as Birth and Fetal Death Reporting and Birth Defects Reporting."
"hl7.fhir.us.bfdr","US","4.0.1","Vital Records Birth and Fetal Death Reporting","us","Medication / Immunization","Provides guidance to implementers and states on reporting birth and fetal death information based on the current revisions of the U.S. Standard Certificate of Live Birth and U.S. Standard Report of Fetal Death."
"hl7.fhir.us.medmorph","US","4.0.1","Making EHR Data MOre available for Research and Public Health (MedMorph)","us","Medication / Immunization","Making EHR Data More Available for Research and Public Health (MedMorph) Reference Architecture enables clinical data exchange between EHR systems, public health systems/authorities, data repositories, and research organizations.  This data exchange utilizes if applicable, knowledge repositories and backend services applications (e.g. FHIR APIs) to determine the triggering event(s) for the data exchange, the process for the data exchange, and validation that the data being exchanged meets a set of rules in order to expedite the data exchange. "
"hl7.fhir.us.sdoh-clinicalcare","US","4.0.1","SDOH Clinical Care for Multiple Domains","us","Care Management","Profiles on FHIR R4 resources (using US Core as the basis where possible) used to document social determinants of health (SDOH) for an individual which covers many different factors considered social risks and social needs, e.g. Food Insecurity, Housing Stability and Quality, Transportation Access and others. The IG covers use cases identified from the clinical care setting that include : assessment of SDOH risks; evaluation of which risks can be addressed; setting goals,  documenting and tracking to completion SDOH interventions; and sharing SDOH information for an individual with organizations for secondary uses."
"hl7.fhir.us.nhsn-ade","US","4.0.1","NHSN Reporting of Adverse Drug Events - Hypoglycemia","us","Medication / Immunization","US Realm IG providing guidance to implementers on reporting data elements to CDC's National Healthcare Safety Network (NHSN) related to inpatient blood glucose laboratory (including point-of-care) results and medication administration data (medications received during inpatient stay) based on FHIR resources. This IG addresses how inpatient EHR systems should format patient, blood glucose, and medication information to enable hospital reporting of these data to NHSN.  Query parameters are defined for each type of data element based on FHIR resources."
"hl7.fhir.us.nhsn-med-admin","US","4.0.1","NHSN Reporting: Inpatient Medication Administration","us","Surveillience / Reporting","US Realm IG providing guidance to implementers on reporting data elements to CDC's National Healthcare Safety Network (NHSN) related to inpatient medication administration for hospitalized patients diagnosed with COVID-19, based on FHIR resources and as part of NHSN COVID-19 reporting pathways."
"hl7.fhir.us.immds","US","4.0.1","Immunization Decision Support Forecast FHIR IG","us","Medications / Immunizations","A common FHIR implementation guide that expert systems may use to provide a common consistent interface enable decisioin support recommending which vaccinations a patient is due for next"
"hl7.fhir.us.icsr-ae-reporting","US","4.0.1","Profiles for ICSR Transfusion and Vaccination Adverse Event Detection and Reporting","us","Pharmaceutical","This Implementation Guide provides a set of profiles and algorithms around the detection, validation, and reporting, as well as the eventual recording and persisting of Adverse Events associated with blood transfusions and vaccinations.  EHRs and Provider Networks can use this guide to understand the data elements needed to facilitate the electronic reporting of these adverse events as well as ways of mining their data to detect adverse events"
"hl7.fhir.us.udap-security","US","4.0.1","Security for Scalable Registration, Authentication, and Authorization","us","Privacy / Security","This implementation guide describes how to extend OAuth 2.0 to support secure and scalable workflows for business-to-business (B2B) apps that implement the client credentials flow or authorization code flow. "
"hl7.fhir.us.sirb","US","4.0.1","Single Institutional Review Board (sIRB) Implementation Guide","us","Research","This IG covers questionnaires and questionnaire responses in support of capturing and exchange of standardized forms in support of a single IRB (Institutional Review Board) where a single IRB will expedite approval for a project but still need to send all documentation to multiple relying IRBs."
"hl7.fhir.us.cancer-reporting","US","4.0.1","Sharing eCC Data from Pathology Labs to EHR","us","Diagnostics","Integrating the Healthcare Enterprise (IHE) Structured Data Capture (SDC) on FHIR uses a form-driven workflow to capture and transmit encoded data by creating FHIR Observations. The primary use case for this is transmitting data captured in College of American Pathologists electronic Cancer Checklists (eCCs), which are distributed as IHE SDC templates."
"hl7.fhir.us.military-service","US","4.0.1","HL7 FHIR Implementation Guide for Military Service History and Status","us","Clinical Observations","Supports Military Service History and Status reporting consistent with US regulatory requirements (i.e. Title 38 Veteran Benefits)"
"hl7.fhir.us.covid19library","US","4.0.1","Logica COVID-19 FHIR Profile Library IG","us","Medication / Immunization","Support for exchanges of COVD-19 Patient Specific Data."
"hl7.fhir.us.davinci-pct","US","4.0.1","Da Vinci Patient Cost Transparency Implementation Guide","us","Financial","Enables standard exchange of healthcare cost for items, services, and collection of services among stakeholders such as payers, providers, and patients in support of driving transparency for patients with accurate, timely access to cost of medical care prior to delivery of care in order to become better stewards of their healthcare dollars.   This guide creates a standard exchange to reduce administrative burden for communicating Good Faith Estimates (GFE) from providers of costs and services to payers and then, payers creating and returning an Advanced Explanation of Benefits (AEOB) back to the patient as required by law."
"hl7.fhir.us.exchange-routing","US","4.0.1","Hybrid / Intermediary Exchange","us","EHR Access","This IG is meant to define the standard for how providers, payers, intermediaries, and other actors will use  routing information about the transaction originator and destination to support a hybrid model of point-to-point interaction as well as intermediary brokered interactions without the actors in either side needing detailed knowledge of how intermediary routing works."
"hl7.fhir.us.pacio-rt","US","4.0.1","PACIO Re-Assessment Timepoints Implementation Guide","us","Clinical Documents","The Re-assessment Timepoints FHIR implementation guide (IG) describes how to create definitions for sub-periods of time within an extended post-acute care (PAC) admission and encounter. "
"hl7.fhir.us.davinci-ra","US","4.0.1","Da Vinci Risk Adjustment FHIR Implementation Guide","us","Financial","Enable standard exchange of risk-based coding gaps among stakeholders such as payers, providers, and government care programs in support of driving towards accurate and complete documentation of health conditions that would lead to more accurate risk-adjustment payment calculations, reduced administrative burden, and improved quality of care."
"hl7.fhir.us.pacio-adi","US","4.0.1","PACIO Advance Directive Information Implementation Guide","us","Clinical Documents","The Advance Directive Interoperability (ADI) with FHIR implementation guide (IG) describes how to represent, exchange, and verify an individual's advance directive information regarding potential future care and treatment in the event the individual is not able to communicate such information directly."
"hl7.fhir.us.insurance-card","US","4.0.1","CARIN Digital Insurance Card","us","Financial","This IG provides a structured approach to take the data elements on an individual consumer’s health insurance card and represent them using FHIR Resources (i.e., a 'Digital Insurance Card' Bundle). The IG also documents patterns to share Digital Insurance Cards via FHIR APIs, SMART Health Cards, and SMART Health Links. This information can be provided by the health insurance company and presented by the member as proof of insurance when interacting with healthcare providers. Eligibility checks are not in the scope of this IG"
"hl7.fhir.us.central-cancer-registry-reporting","US","4.0.1","Making EHR Data MOre available for Research and Public Health (MedMorph) Central Cancer Registry Reporting Content IG","us","Public Health and Research","This guide defines how healthcare organizations onboard a new research data partner. It provides guidance to extract data from EHRs, transform the data, and populate data marts"
"hl7.fhir.us.health-care-surveys-reporting","US","4.0.1","Making EHR Data MOre available for Research and Public Health (MedMorph) Healthcare Surveys Reporting Content IG","us","Public Health and Research","This guide focuses on the National Hospital Care Survey (NHCS) and National Ambulatory Medical Care Survey (NAMCS) data that will be extracted from EHRs and/or clinical data repositories via FHIR and APIs and sent to a system hosted at the federal level."
"hl7.fhir.us.medmorph-research-dex","US","4.0.1","Making EHR Data MOre available for Research and Public Health (MedMorph) Research Content IG","us","Public Health and Research","This guide focuses on the National Hospital Care Survey (NHCS) and National Ambulatory Medical Care Survey (NAMCS) data that will be extracted from EHRs and/or clinical data repositories via FHIR and APIs and sent to a system hosted at the federal level."
"hl7.fhir.us.mdi","US","4.0.1","Medicolegal Death Investigation (MDI)","us","Medication / Immunization","This US-specific IG supports exchange of data for medicolegal death investigations, for example from a toxicology lab to a case management system (upstream), and from a case management system to a  jurisdictional electronic death registration system (EDRS)(downstream)."
"fhir.cqf.common","US","4.0.1","Clinical Quality Framework Common FHIR Assets","us","Quality / CDS","This implementation guide contains common FHIR assets for use in CQFramework content IGs, including FHIRHelpers and the FHIR-ModelInfo libraries"
"hl7.fhir.us.mihr","US","4.0.1","Maternal and Infant Health Research","us","Medication / Immunization","This guide focuses on calculation of maternal-related cohorts from available maternal care information sources. It specifies how to calculate two maternal-related cohort measures and link to maternal longitudinal record with associated child record(s). Initial use cases focus on pregnancy and subsequent death within a specific time frame and hypertensive disorders of pregnancy pre, ante, and postpartum. The IG leverages MedMorph, SANER, US Core profiles, and broader public health IGs"
"hl7.fhir.us.identity-matching","US","4.0.1","Interoperable Digital Identity and Patient Matching","us","Privacy / Security","This FHIR implementation Guide provides guidance on leveraging Patient Matching and Digital Identity capabilities together to improve match quality and overall identity assurance in FHIR transactions. It defines methods to inform and execute cross organizational and internal patient matches via FHIR when requested for a permitted purpose or authorized by the Patient directly or by the Patient’s delegate. "
"fhir.cdc.opioid-mme-r4","US","4.0.1","CDC Opioid MME Calculator","us","Quality / CDS","This implementation guide provides Morphine Milligram Equivalent (MME) calculation logic as described by the Centers For Disease Control and Prevention (CDC) Guideline for Prescribing Opioids for Chronic Pain — United States, 2016"
"hl7.fhir.us.codex-radiation-therapy","US","4.0.1","CodeX™ Radiation Therapy","us","Care Management","The CodeX Radiation Therapy (RT) Implementation Guide (IG) describes how to represent and exchange radiation therapy treatment information. The CodeX RT IG enables radiation oncology information systems to generate treatment summaries that are retrievable by health systems, or other information systems, for display within the EHR interface to be used for care coordination and data reuse. "
"hl7.fhir.us.home-lab-report","US","4.0.1","At-Home In-Vitro Test Report","us","Clinical Documents","This Implementation Guide describes a framework for use for transmitting At-Home Point-of-Care lab test results to local, state, territorial and federal health agencies. This version also contains workflow description and profiles and vocabulary for transmitting Covid-At-Home tests."
"hl7.fhir.us.pacio-pfe","US","4.0.1","PACIO Personal Functioning and Engagement Implementation Guide","us","Patient Summary","The Personal Functioning and Engagement IG provides a framework for communicating the functioning of an individual, including their body functions and structure and their activities and participation in society, as well as related clinical care. The IG draws on the health and health-related domains defined within the International Classification of Functioning, Disability and Health (commonly known as ICF)."
"hl7.fhir.us.ph-library","US","4.0.1","US Public Health Profiles Library","us","Medication / Immunization","The US Public Health Profiles Library is a collection of reusable architecture and content profiles representing common public health concepts and patterns. It provides a framework for inclusion in multiple use case specific implementation guides focused on the exchange of Public Health information."
"hl7.fhir.us.directory-query","US","4.0.1","National Healthcare Query","us","Administration","Standard for endpoint query request and response for Validated National Directory federated access directories"
"hl7.fhir.us.directory-exchange","US","4.0.1","National Healthcare Directory Exchange","us","Administration","Standard for exchange of Health and Social Care Directory information between a Validated National Directory and a federated directory (primarily for workflow integration)."
"hl7.fhir.us.directory-attestation","US","4.0.1","National Healthcare Directory Attestation","us","Administration","Provides the methods and standards for the contribution, attestation, and validation of information in the National Directory.  This applies to individual demographics, organizational demographics, relationship between individuals and organizations, services provided, and electronic endpoint metadata."
"hl7.fhir.us.vitals","US","4.0.1","Vital Signs FHIR IG","us","Clinical Observations","US Realm Implementation Guide for Vital Signs observations with extensions for qualifying data."
"hl7.fhir.us.mcc","US","4.0.1","MCC eCare Plan Implementation Guide","us","Care Management","Provides representation of clinical and social data elements in the FHIR Care Plan format. Focuses on 4 common chronic conditions: 1) chronic kidney disease (CKD), 2) type 2 diabetes mellitus (T2DM), 3) cardiovascular diseases (specifically, hypertension, ischemic heart disease and heart failure), and 4) pain."
"hl7.fhir.us.hsds","US","4.0.1","FHIR IG Human Services Directory","us","Care Management","FHIR API-based data exchange enabling healthcare provider, community-based organization, payer, and consumer-facing application systems to search standardized directories of organizations providing human and social services, providing foundational support for downstream care planning and management use cases, including closed loop referrals, care coordination and care management activities, consumer-based search for assistance, etc. This guide is a US Realm specification."
"hl7.fhir.us.physical-activity","US","4.0.1","U.S. Physical Activity IG","us","Care Management","Defines U.S. interoperability expectations related to physical activity, including primary assessment, supporting measures, plans, goals, referrals and patient-engagement.  Supports interoperability between care managers (e.g. EHRs, community health systems, etc.), service providers (physical activity professionals including exercise physiologists, personal trainers, community fitness centers, etc.), as well as patient-facing applications."
"hl7.fhir.us.registry-protocols","US","4.0.1","Protocols for Clinical Registry Extraction and Data Submission (CREDS) IG","us","Clinical Registries","This guide profiles how a registry says what needs to be sent, and how a healthcare provider organization can use that to automate the collection and formatting the data into a submission, conforming to registry or FHIR implementation guide defined profiles and protocols."
"hl7.cda.us.ccda","US","5.0.0","CCDA: Consolidated CDA Release","us","Clinical Documents","C-CDA 3.0 merges the C-CDA R2.1 and the C-CDA Companion Guides, adds C-CDA enhancement requests, and incorporates new design and guidance for USCDI V4. The guide represents C-CDA templates using HL7 FHIR StructureDefinition. It is built upon the underlying CDA standard’s structures defined as Logical Models. These FHIR Logical models are abstract data structures which have been instantiated into physical CDA templates to be implemented in CDA data exchange. As such, it adheres to the CDA Release 2.0 standard and remains a CDA-based Implementation Guide (IG)."
"hl7.fhir.us.ndh","US","4.0.1","National Directory of Healthcare Providers and Services (NDH) Implementation Guide","us","Administration","Standard for the population, verification and exchange of Health and Social Care Directory information between a Validated National Directory and local directories (primarily for workflow integration).  This applies to individual demographics, organizational demographics, relationship between individuals and organizations, services provided, and electronic endpoint metadata"
"hl7.fhir.us.davinci-vbpr","US","4.0.1","Da Vinci Value-Based Performance Reporting Implementation Guide","us","Financial","This implementation guide enables value-based performance reports to be specified in a standard format and exchanged using standardized mechanisms between payers and providers to support the shift from fee-for-service to value-based care."
"fhir.hrsa.uds-plus","US","4.0.1","HRSA Uniform Data System (UDS) Patient Level Submission (PLS) (UDS+ or uds-plus) FHIR IG","us","Surveillience / Reporting","UDS+ is part of HRSA`s modernization initiatives and requires health centers to report data annually as part of the funding grants. UDS is a standard data set that provides consistent information about Federally Qualified Health Centers. It is the source of non duplicated data for the entire scope of services included in the grant or designation for the calendar year. HRSA uses UDS data to assess the impact and performance of the Health Center Program, and to promote data-driven quality improvement"
"hl7.fhir.us.resp-net","US","4.0.1","Respiratory Virus Hospitalization Surveillance Network (RESP-NET) Content Implementation Guide","us","Medication / Immunization","The Respiratory Virus Hospitalization Surveillance Network (RESP-NET) comprises three platforms that conduct population-based surveillance for laboratory-confirmed hospitalizations associated with COVID-19, Influenza, and Respiratory Syncytial Virus (RSV) among children and adults."
"hl7.fhir.us.pdmp","US","4.0.1","US Prescription Drug Monitoring Program (PDMP)","us","Medications / Immunizations","Guidance on the use of FHIR resources and search operations to allow requestors (prescribers, pharmacists, others) to obtain a patient's medication records held in one or more Prescription Drug Monitoring Programs (PDMPs).  Also describes how the information supplied by the PDMPs is contained in the other information exchanges in the larger PDMP environment."
"hl7.fhir.us.medication-rems","US","4.0.1","US Medication REMS","us","Medications / Immunizations","A Risk Evaluation and Mitigation Strategies (REMS) is a drug safety program that the U.S. FDA requires for certain medications with serious safety concerns. Complying with REMS can introduce manual work for the provider and potential delays in getting the medication to the patient. This IG provides guidance on using FHIR to automate notifications and information exchange between the provider and the REMS Administrator--to reduce burden on the provider and prevent delays in patient care."
"hl7.fhir.us.pq-cmc-fda","US","5.0.0","Pharmaceutical Quality - Chemistry, Manufacturing and Controls (PQ-CMC) Submissions to FDA","us","Pharmaceutical","The FDA PQ-CMC FHIR IG is for submission of structured and standardized information regarding drug product quality, chemistry, manufacturing and processes controls.  This data is intended for submission to the US FDA by biopharmaceutical companies for the purpose of drug application review."
"ihe.pcc.maps.us","US","4.0.1","Mobile Antepartum Summary US Realm","us","Clinical Observations","Antepartum Summary is a content profile that defines the structure for the aggregation of significant events, diagnoses, and plans of care derived from the visits over the course of an antepartum episode."
"hl7.fhir.us.smp","US","4.0.1","US Standardized Medication Profile (SMP)","us","Medications ","Standardized Medication Profile"
"hl7.fhir.us.nhsn-dqm","US","4.0.1","National Healthcare Safety Network (NHSN) Digital Quality Measure (dQM) Reporting Implementation Guide","us","Medication / Immunization","This implementation guide creates a framework for reporting to the National Healthcare Safety Network (NHSN) using digital quality measures (dQMs). NHSN will create FHIR Measure resources that comply with this framework and receive the resulting MeasureReport and related resources. The Measure resources will be processed by a measure evaluation engine, which can either pull data from an EHR FHIR API for evaluation, or be implemented inside an EHR directly."
"hl7.fhir.us.davinci-pr","US","4.0.1","DaVinci Postable Remittance FHIR Implementation Guide","us","Financial","This IG provides a FHIR API to search for and retrieve a copy of a previously issued postable remittance."
"hl7.fhir.us.pacio-toc","US","4.0.1","PACIO Transitions of Care Implementation Guide","us","Clinical Documents","Transitions of Care Implementation Guide"
"hl7.fhir.us.safr","US","4.0.1","US Situational Awareness Framework for Reporting (US SAFR) Implementation Guide","us","Public Health","Situational Awareness Framework for Reporting (US SAFR)"
"hl7.fhir.us.pco","US","4.0.1","Person-Centered Outcomes (PCO) Implementation Guide","us","Care Management","Person-Centered Outcomes (PCO) Implementation Guide"
"hl7.fhir.us.cql","US","4.0.1","Common CQL Assets for FHIR (US-Based)","us","Quality/CDS","Common CQL Assets for FHIR"
"hl7.fhir.us.cdc-opioid-cpg","US","4.0.1","Data Exchange Profiles for 2022 CDC Clinical Practice Guideline for Prescribing Opioids","us","Quality/CDS","Defines exchange expectations for systems that implement the CDC's Clinical Practice Guideline for Prescribing Opioids, both in terms of the data required to evaluate whether recommendations are applicable, as well as the data required to represent proposals resulting from those recommendations."
"cori.fhir.ig.wrig","US","4.0.1","US HR1 Medicaid Work Requirements IG (proposed, not supported by CMS)","us","Care Management","Profiles and implementation details for US HR1 Medicaid Work Requirements exemption and activity verification."
"fhir.astp.bhp","US","4.0.1","US Behavioral Health Profiles","us","Care Management","The United States Core Data for Interoperability (USCDI) Plus Behavioral Health (BH) dataset (also referred to as USCDI+ BH) aims to enhance the exchange and interoperability of behavioral health information across healthcare systems in the United States. Building on the USCDI foundation, this dataset addresses the unique needs and challenges associated with behavioral health data. It is designed to facilitate behavioral health integration with other healthcare services, support better clinical decision-making, and improve patient outcomes."
